{
	 "rootnode": {
		 "name": "leftBase.obj"
		,"transformation": [
			 1
			,0
			,0
			,0
			,0
			,1
			,0
			,0
			,0
			,0
			,1
			,0
			,0
			,0
			,0
			,1
		]
		,"children": [
			{
				 "name": "left_building_base_Cube.024"
				,"transformation": [
					 1
					,0
					,0
					,0
					,0
					,1
					,0
					,0
					,0
					,0
					,1
					,0
					,0
					,0
					,0
					,1
				]
				,"meshes": [
					 0
				]
			}
		]
	}
	,"flags": 8
	,"meshes": [
		{
			 "name": ""
			,"materialindex": 0
			,"primitivetypes": 4
			,"vertices": [
				 -8.88413
				,-12.0458
				,-15.1066
				,-9.83028
				,9.74806
				,-18.1172
				,-9.1142
				,9.05932
				,-23.328
				,-8.16805
				,-12.7345
				,-20.3174
				,-8.16805
				,-12.7345
				,-20.3174
				,-9.1142
				,9.05932
				,-23.328
				,-3.86303
				,9.3811
				,-22.6489
				,-2.91687
				,-12.4127
				,-19.6383
				,-2.91687
				,-12.4127
				,-19.6383
				,-3.86303
				,9.3811
				,-22.6489
				,-4.5791
				,10.0698
				,-17.4381
				,-3.63295
				,-11.724
				,-14.4275
				,-3.63295
				,-11.724
				,-14.4275
				,-4.5791
				,10.0698
				,-17.4381
				,-9.83028
				,9.74806
				,-18.1172
				,-8.88413
				,-12.0458
				,-15.1066
				,-8.16805
				,-12.7345
				,-20.3174
				,-2.91687
				,-12.4127
				,-19.6383
				,-3.63295
				,-11.724
				,-14.4275
				,-8.88413
				,-12.0458
				,-15.1066
				,-3.86303
				,9.3811
				,-22.6489
				,-9.1142
				,9.05932
				,-23.328
				,-9.83028
				,9.74806
				,-18.1172
				,-4.5791
				,10.0698
				,-17.4381
			]
			,"normals": [
				 -0.9899
				,-0.0607
				,-0.128
				,-0.9899
				,-0.0607
				,-0.128
				,-0.9899
				,-0.0607
				,-0.128
				,-0.9899
				,-0.0607
				,-0.128
				,0.135
				,-0.1298
				,-0.9823
				,0.135
				,-0.1298
				,-0.9823
				,0.135
				,-0.1298
				,-0.9823
				,0.135
				,-0.1298
				,-0.9823
				,0.9899
				,0.0607
				,0.128
				,0.9899
				,0.0607
				,0.128
				,0.9899
				,0.0607
				,0.128
				,0.9899
				,0.0607
				,0.128
				,-0.135
				,0.1298
				,0.9823
				,-0.135
				,0.1298
				,0.9823
				,-0.135
				,0.1298
				,0.9823
				,-0.135
				,0.1298
				,0.9823
				,0.043
				,-0.9897
				,0.1367
				,0.043
				,-0.9897
				,0.1367
				,0.043
				,-0.9897
				,0.1367
				,0.043
				,-0.9897
				,0.1367
				,-0.043
				,0.9897
				,-0.1367
				,-0.043
				,0.9897
				,-0.1367
				,-0.043
				,0.9897
				,-0.1367
				,-0.043
				,0.9897
				,-0.1367
			]
			,"tangents": [
				 -0.0430073
				,0.989676
				,-0.136722
				,-0.0430073
				,0.989676
				,-0.136722
				,-0.0430073
				,0.989676
				,-0.136722
				,-0.0430073
				,0.989676
				,-0.136722
				,-0.0429705
				,0.989683
				,-0.136681
				,-0.0429705
				,0.989683
				,-0.136681
				,-0.0429705
				,0.989683
				,-0.136681
				,-0.0429705
				,0.989683
				,-0.136681
				,-0.0430073
				,0.989676
				,-0.136722
				,-0.0430073
				,0.989676
				,-0.136722
				,-0.0430073
				,0.989676
				,-0.136722
				,-0.0430073
				,0.989676
				,-0.136722
				,-0.0429705
				,0.989683
				,-0.136681
				,-0.0429705
				,0.989683
				,-0.136681
				,-0.0429705
				,0.989683
				,-0.136681
				,-0.0429705
				,0.989683
				,-0.136681
				,0.989914
				,0.0606909
				,0.128014
				,0.989914
				,0.0606909
				,0.128014
				,0.989914
				,0.0606909
				,0.128014
				,0.989914
				,0.0606909
				,0.128014
				,-0.989914
				,-0.0606909
				,-0.128014
				,-0.989914
				,-0.060691
				,-0.128014
				,-0.989914
				,-0.0606909
				,-0.128014
				,-0.989914
				,-0.0606909
				,-0.128014
			]
			,"bitangents": [
				 -0.134979
				,0.129838
				,0.982305
				,-0.134979
				,0.129838
				,0.982305
				,-0.134979
				,0.129838
				,0.982305
				,-0.134979
				,0.129838
				,0.982305
				,-0.989913
				,-0.0606623
				,-0.12803
				,-0.989913
				,-0.0606622
				,-0.12803
				,-0.989913
				,-0.0606623
				,-0.12803
				,-0.989913
				,-0.0606623
				,-0.12803
				,0.134979
				,-0.129838
				,-0.982305
				,0.134979
				,-0.129838
				,-0.982305
				,0.134979
				,-0.129838
				,-0.982305
				,0.134979
				,-0.129838
				,-0.982305
				,0.989913
				,0.0606623
				,0.12803
				,0.989913
				,0.0606623
				,0.12803
				,0.989913
				,0.0606623
				,0.12803
				,0.989913
				,0.0606623
				,0.12803
				,0.134989
				,-0.129814
				,-0.982307
				,0.134989
				,-0.129814
				,-0.982307
				,0.134989
				,-0.129814
				,-0.982307
				,0.134989
				,-0.129814
				,-0.982307
				,0.134989
				,-0.129814
				,-0.982307
				,0.134989
				,-0.129814
				,-0.982307
				,0.134989
				,-0.129814
				,-0.982307
				,0.134989
				,-0.129814
				,-0.982307
			]
			,"numuvcomponents": [
				 2
			]
			,"texturecoords": [
				[
					 0.375
					,0
					,0.625
					,0
					,0.625
					,0.25
					,0.375
					,0.25
					,0.375
					,0.25
					,0.625
					,0.25
					,0.625
					,0.5
					,0.375
					,0.5
					,0.375
					,0.5
					,0.625
					,0.5
					,0.625
					,0.75
					,0.375
					,0.75
					,0.375
					,0.75
					,0.625
					,0.75
					,0.625
					,1
					,0.375
					,1
					,0.125
					,0.5
					,0.375
					,0.5
					,0.375
					,0.75
					,0.125
					,0.75
					,0.625
					,0.5
					,0.875
					,0.5
					,0.875
					,0.75
					,0.625
					,0.75
				]
			]
			,"faces": [
				[
					 0
					,1
					,2
				]
				,[
					 0
					,2
					,3
				]
				,[
					 4
					,5
					,6
				]
				,[
					 4
					,6
					,7
				]
				,[
					 8
					,9
					,10
				]
				,[
					 8
					,10
					,11
				]
				,[
					 12
					,13
					,14
				]
				,[
					 12
					,14
					,15
				]
				,[
					 16
					,17
					,18
				]
				,[
					 16
					,18
					,19
				]
				,[
					 20
					,21
					,22
				]
				,[
					 20
					,22
					,23
				]
			]
		}
	]
	,"materials": [
		{
			 "properties": [
				{
					 "key": "?mat.name"
					,"semantic": 0
					,"index": 0
					,"type": 3
					,"value": "DefaultMaterial"
				}
				,{
					 "key": "$mat.shadingm"
					,"semantic": 0
					,"index": 0
					,"type": 4
					,"value": 2
				}
				,{
					 "key": "$clr.ambient"
					,"semantic": 0
					,"index": 0
					,"type": 1
					,"value": [
						 0
						,0
						,0
					]
				}
				,{
					 "key": "$clr.diffuse"
					,"semantic": 0
					,"index": 0
					,"type": 1
					,"value": [
						 0.6
						,0.6
						,0.6
					]
				}
				,{
					 "key": "$clr.specular"
					,"semantic": 0
					,"index": 0
					,"type": 1
					,"value": [
						 0
						,0
						,0
					]
				}
				,{
					 "key": "$mat.shininess"
					,"semantic": 0
					,"index": 0
					,"type": 1
					,"value": 0
				}
				,{
					 "key": "$mat.opacity"
					,"semantic": 0
					,"index": 0
					,"type": 1
					,"value": 1
				}
				,{
					 "key": "$mat.refracti"
					,"semantic": 0
					,"index": 0
					,"type": 1
					,"value": 1
				}
			]
		}
	]
}
