{
	 "rootnode": {
		 "name": "lightBlock.obj"
		,"transformation": [
			 1
			,0
			,0
			,0
			,0
			,1
			,0
			,0
			,0
			,0
			,1
			,0
			,0
			,0
			,0
			,1
		]
		,"children": [
			{
				 "name": "lightbox_Cube.588"
				,"transformation": [
					 1
					,0
					,0
					,0
					,0
					,1
					,0
					,0
					,0
					,0
					,1
					,0
					,0
					,0
					,0
					,1
				]
				,"meshes": [
					 0
				]
			}
		]
	}
	,"flags": 8
	,"meshes": [
		{
			 "name": ""
			,"materialindex": 0
			,"primitivetypes": 4
			,"vertices": [
				 -0.267538
				,8.62205
				,-5.56952
				,-0.267538
				,11.3631
				,-5.56952
				,-3.00749
				,11.3631
				,-5.64698
				,-3.00749
				,8.62205
				,-5.64698
				,-3.00749
				,8.62205
				,-5.64698
				,-3.00749
				,11.3631
				,-5.64698
				,-2.93003
				,11.3631
				,-8.38693
				,-2.93003
				,8.62205
				,-8.38693
				,-2.93003
				,8.62205
				,-8.38693
				,-2.93003
				,11.3631
				,-8.38693
				,-0.190081
				,11.3631
				,-8.30947
				,-0.190081
				,8.62205
				,-8.30947
				,-0.190081
				,8.62205
				,-8.30947
				,-0.190081
				,11.3631
				,-8.30947
				,-0.267538
				,11.3631
				,-5.56952
				,-0.267538
				,8.62205
				,-5.56952
				,-3.00749
				,8.62205
				,-5.64698
				,-2.93003
				,8.62205
				,-8.38693
				,-0.190081
				,8.62205
				,-8.30947
				,-0.267538
				,8.62205
				,-5.56952
				,-2.93003
				,11.3631
				,-8.38693
				,-3.00749
				,11.3631
				,-5.64698
				,-0.267538
				,11.3631
				,-5.56952
				,-0.190081
				,11.3631
				,-8.30947
				,-1.2999
				,8.74638
				,-3.74404
				,-1.2999
				,11.3462
				,-3.74404
				,-1.2999
				,11.3462
				,-6.34384
				,-1.2999
				,8.74638
				,-6.34384
				,-1.2999
				,8.74638
				,-6.34384
				,-1.2999
				,11.3462
				,-6.34384
				,1.2999
				,11.3462
				,-6.34384
				,1.2999
				,8.74638
				,-6.34384
				,1.2999
				,8.74638
				,-6.34384
				,1.2999
				,11.3462
				,-6.34384
				,1.2999
				,11.3462
				,-3.74404
				,1.2999
				,8.74638
				,-3.74404
				,1.2999
				,8.74638
				,-3.74404
				,1.2999
				,11.3462
				,-3.74404
				,-1.2999
				,11.3462
				,-3.74404
				,-1.2999
				,8.74638
				,-3.74404
				,-1.2999
				,8.74638
				,-6.34384
				,1.2999
				,8.74638
				,-6.34384
				,1.2999
				,8.74638
				,-3.74404
				,-1.2999
				,8.74638
				,-3.74404
				,1.2999
				,11.3462
				,-6.34384
				,-1.2999
				,11.3462
				,-6.34384
				,-1.2999
				,11.3462
				,-3.74404
				,1.2999
				,11.3462
				,-3.74404
				,-1.76278
				,8.22979
				,-6.97585
				,-1.76278
				,11.7554
				,-6.97585
				,-1.76278
				,11.7554
				,-10.5014
				,-1.76278
				,8.22979
				,-10.5014
				,-1.76278
				,8.22979
				,-10.5014
				,-1.76278
				,11.7554
				,-10.5014
				,1.76278
				,11.7554
				,-10.5014
				,1.76278
				,8.22979
				,-10.5014
				,1.76278
				,8.22979
				,-10.5014
				,1.76278
				,11.7554
				,-10.5014
				,1.76278
				,11.7554
				,-6.97585
				,1.76278
				,8.22979
				,-6.97585
				,1.76278
				,8.22979
				,-6.97585
				,1.76278
				,11.7554
				,-6.97585
				,-1.76278
				,11.7554
				,-6.97585
				,-1.76278
				,8.22979
				,-6.97585
				,-1.76278
				,8.22979
				,-10.5014
				,1.76278
				,8.22979
				,-10.5014
				,1.76278
				,8.22979
				,-6.97585
				,-1.76278
				,8.22979
				,-6.97585
				,1.76278
				,11.7554
				,-10.5014
				,-1.76278
				,11.7554
				,-10.5014
				,-1.76278
				,11.7554
				,-6.97585
				,1.76278
				,11.7554
				,-6.97585
				,3.02001
				,8.72853
				,-5.50082
				,3.02001
				,11.364
				,-5.50082
				,0.38556
				,11.364
				,-5.5753
				,0.38556
				,8.72853
				,-5.5753
				,0.38556
				,8.72853
				,-5.5753
				,0.38556
				,11.364
				,-5.5753
				,0.460034
				,11.364
				,-8.20975
				,0.460034
				,8.72853
				,-8.20975
				,0.460034
				,8.72853
				,-8.20975
				,0.460034
				,11.364
				,-8.20975
				,3.09448
				,11.364
				,-8.13527
				,3.09448
				,8.72853
				,-8.13527
				,3.09448
				,8.72853
				,-8.13527
				,3.09448
				,11.364
				,-8.13527
				,3.02001
				,11.364
				,-5.50082
				,3.02001
				,8.72853
				,-5.50082
				,0.38556
				,8.72853
				,-5.5753
				,0.460034
				,8.72853
				,-8.20975
				,3.09448
				,8.72853
				,-8.13527
				,3.02001
				,8.72853
				,-5.50082
				,0.460034
				,11.364
				,-8.20975
				,0.38556
				,11.364
				,-5.5753
				,3.02001
				,11.364
				,-5.50082
				,3.09448
				,11.364
				,-8.13527
			]
			,"normals": [
				 -0.0283
				,0
				,0.9996
				,-0.0283
				,0
				,0.9996
				,-0.0283
				,0
				,0.9996
				,-0.0283
				,0
				,0.9996
				,-0.9996
				,0
				,-0.0283
				,-0.9996
				,0
				,-0.0283
				,-0.9996
				,0
				,-0.0283
				,-0.9996
				,0
				,-0.0283
				,0.0283
				,0
				,-0.9996
				,0.0283
				,0
				,-0.9996
				,0.0283
				,0
				,-0.9996
				,0.0283
				,0
				,-0.9996
				,0.9996
				,0
				,0.0283
				,0.9996
				,0
				,0.0283
				,0.9996
				,0
				,0.0283
				,0.9996
				,0
				,0.0283
				,0
				,-1
				,0
				,0
				,-1
				,0
				,0
				,-1
				,0
				,0
				,-1
				,0
				,0
				,1
				,0
				,0
				,1
				,0
				,0
				,1
				,0
				,0
				,1
				,0
				,-1
				,0
				,0
				,-1
				,0
				,0
				,-1
				,0
				,0
				,-1
				,0
				,0
				,0
				,0
				,-1
				,0
				,0
				,-1
				,0
				,0
				,-1
				,0
				,0
				,-1
				,1
				,0
				,0
				,1
				,0
				,0
				,1
				,0
				,0
				,1
				,0
				,0
				,-0
				,0
				,1
				,-0
				,0
				,1
				,-0
				,0
				,1
				,-0
				,0
				,1
				,0
				,-1
				,0
				,0
				,-1
				,0
				,0
				,-1
				,0
				,0
				,-1
				,0
				,0
				,1
				,0
				,0
				,1
				,0
				,0
				,1
				,0
				,0
				,1
				,0
				,-1
				,0
				,0
				,-1
				,0
				,0
				,-1
				,0
				,0
				,-1
				,0
				,0
				,0
				,0
				,-1
				,0
				,0
				,-1
				,0
				,0
				,-1
				,0
				,0
				,-1
				,1
				,0
				,0
				,1
				,0
				,0
				,1
				,0
				,0
				,1
				,0
				,0
				,-0
				,0
				,1
				,-0
				,0
				,1
				,-0
				,0
				,1
				,-0
				,0
				,1
				,0
				,-1
				,0
				,0
				,-1
				,0
				,0
				,-1
				,0
				,0
				,-1
				,0
				,0
				,1
				,0
				,0
				,1
				,0
				,0
				,1
				,0
				,0
				,1
				,0
				,-0.0283
				,0
				,0.9996
				,-0.0283
				,0
				,0.9996
				,-0.0283
				,0
				,0.9996
				,-0.0283
				,0
				,0.9996
				,-0.9996
				,0
				,-0.0283
				,-0.9996
				,0
				,-0.0283
				,-0.9996
				,0
				,-0.0283
				,-0.9996
				,0
				,-0.0283
				,0.0283
				,0
				,-0.9996
				,0.0283
				,0
				,-0.9996
				,0.0283
				,0
				,-0.9996
				,0.0283
				,0
				,-0.9996
				,0.9996
				,0
				,0.0283
				,0.9996
				,0
				,0.0283
				,0.9996
				,0
				,0.0283
				,0.9996
				,0
				,0.0283
				,0
				,-1
				,0
				,0
				,-1
				,0
				,0
				,-1
				,0
				,0
				,-1
				,0
				,0
				,1
				,0
				,0
				,1
				,0
				,0
				,1
				,0
				,0
				,1
				,0
			]
			,