{
	 "rootnode": {
		 "name": "rBuildingBase.obj"
		,"transformation": [
			 1
			,0
			,0
			,0
			,0
			,1
			,0
			,0
			,0
			,0
			,1
			,0
			,0
			,0
			,0
			,1
		]
		,"children": [
			{
				 "name": "Cube.006_Cube.007"
				,"transformation": [
					 1
					,0
					,0
					,0
					,0
					,1
					,0
					,0
					,0
					,0
					,1
					,0
					,0
					,0
					,0
					,1
				]
				,"meshes": [
					 0
				]
			}
			,{
				 "name": "Cube.007_Cube.008"
				,"transformation": [
					 1
					,0
					,0
					,0
					,0
					,1
					,0
					,0
					,0
					,0
					,1
					,0
					,0
					,0
					,0
					,1
				]
				,"meshes": [
					 1
				]
			}
		]
	}
	,"flags": 8
	,"meshes": [
		{
			 "name": ""
			,"materialindex": 0
			,"primitivetypes": 4
			,"vertices": [
				 4.19185
				,-8.34445
				,-15.033
				,4.19185
				,7.85025
				,-17.0192
				,6.12073
				,7.1805
				,-22.4801
				,6.12073
				,-9.0142
				,-20.4939
				,6.12073
				,7.1805
				,-22.4801
				,10.5379
				,7.36901
				,-20.943
				,10.5379
				,-8.82569
				,-18.9569
				,10.5379
				,7.36901
				,-20.943
				,8.60905
				,8.03877
				,-15.4821
				,8.60905
				,-8.15593
				,-13.4959
				,8.60905
				,8.03877
				,-15.4821
				,4.19185
				,7.85025
				,-17.0192
				,10.5379
				,7.36901
				,-20.943
				,6.12073
				,7.1805
				,-22.4801
				,4.19185
				,7.85025
				,-17.0192
				,6.12073
				,-9.0142
				,-20.4939
				,10.5379
				,-8.82569
				,-18.9569
				,8.60905
				,-8.15593
				,-13.4959
				,6.12073
				,-9.0142
				,-20.4939
				,10.5379
				,-8.82569
				,-18.9569
				,8.60905
				,-8.15593
				,-13.4959
				,4.19185
				,-8.34445
				,-15.033
				,8.60905
				,8.03877
				,-15.4821
				,4.19185
				,-8.34445
				,-15.033
			]
			,"normals": [
				 -0.9437
				,-0.0403
				,-0.3284
				,-0.9437
				,-0.0403
				,-0.3284
				,-0.9437
				,-0.0403
				,-0.3284
				,0.3308
				,-0.1149
				,-0.9367
				,0.3308
				,-0.1149
				,-0.9367
				,0.3308
				,-0.1149
				,-0.9367
				,0.9437
				,0.0403
				,0.3284
				,0.9437
				,0.0403
				,0.3284
				,0.9437
				,0.0403
				,0.3284
				,-0.3308
				,0.1149
				,0.9367
				,-0.3308
				,0.1149
				,0.9367
				,-0.3308
				,0.1149
				,0.9367
				,0
				,0.9926
				,-0.1217
				,0
				,0.9926
				,-0.1217
				,0
				,0.9926
				,-0.1217
				,0
				,-0.9926
				,0.1217
				,0
				,-0.9926
				,0.1217
				,0
				,-0.9926
				,0.1217
				,-0.9437
				,-0.0403
				,-0.3284
				,0.3308
				,-0.1149
				,-0.9367
				,0.9437
				,0.0403
				,0.3284
				,-0.3308
				,0.1149
				,0.9367
				,0
				,0.9926
				,-0.1217
				,0
				,-0.9926
				,0.1217
			]
			,"faces": [
				[
					 0
					,1
					,2
				]
				,[
					 0
					,2
					,18
				]
				,[
					 3
					,4
					,5
				]
				,[
					 3
					,5
					,19
				]
				,[
					 6
					,7
					,8
				]
				,[
					 6
					,8
					,20
				]
				,[
					 9
					,10
					,11
				]
				,[
					 9
					,11
					,21
				]
				,[
					 12
					,13
					,14
				]
				,[
					 12
					,14
					,22
				]
				,[
					 15
					,16
					,17
				]
				,[
					 15
					,17
					,23
				]
			]
		}
		,{
			 "name": ""
			,"materialindex": 0
			,"primitivetypes": 4
			,"vertices": [
				 2.84306
				,-0.148914
				,-15.5626
				,5.23248
				,-4.58081
				,-21.8857
				,2.84306
				,-3.75115
				,-15.1209
				,5.23248
				,-0.978579
				,-22.3275
				,10.7043
				,-4.34729
				,-19.9816
				,5.23248
				,-4.58081
				,-21.8857
				,10.7043
				,-0.745054
				,-20.4234
				,8.31492
				,-3.51762
				,-13.2168
				,10.7043
				,-4.34729
				,-19.9816
				,8.31492
				,0.08461
				,-13.6586
				,2.84306
				,-3.75115
				,-15.1209
				,8.31492
				,-3.51762
				,-13.2168
				,10.7043
				,-4.34729
				,-19.9816
				,2.84306
				,-3.75115
				,-15.1209
				,5.23248
				,-4.58081
				,-21.8857
				,5.23248
				,-0.978579
				,-22.3275
				,8.31492
				,0.08461
				,-13.6586
				,10.7043
				,-0.745054
				,-20.4234
				,5.23248
				,-0.978579
				,-22.3275
				,10.7043
				,-0.745054
				,-20.4234
				,8.31492
				,0.08461
				,-13.6586
				,2.84306
				,-0.148914
				,-15.5626
				,8.31492
				,-3.51762
				,-13.2168
				,2.84306
				,-0.148914
				,-15.5626
			]
			,"normals": [
				 -0.9437
				,-0.0403
				,-0.3284
				,-0.9437
				,-0.0403
				,-0.3284
				,-0.9437
				,-0.0403
				,-0.3284
				,0.3308
				,-0.1149
				,-0.9367
				,0.3308
				,-0.1149
				,-0.9367
				,0.3308
				,-0.1149
				,-0.9367
				,0.9437
				,0.0403
				,0.3284
				,0.9437
				,0.0403
				,0.3284
				,0.9437
				,0.0403
				,0.3284
				,-0.3308
				,0.1149
				,0.9367
				,-0.3308
				,0.1149
				,0.9367
				,-0.3308
				,0.1149
				,0.9367
				,0
				,-0.9926
				,0.1217
				,0
				,-0.9926
				,0.1217
				,0
				,-0.9926
				,0.1217
				,-0
				,0.9926
				,-0.1217
				,-0
				,0.9926
				,-0.1217
				,-0
				,0.9926
				,-0.1217
				,-0.9437
				,-0.0403
				,-0.3284
				,0.3308
				,-0.1149
				,-0.9367
				,0.9437
				,0.0403
				,0.3284
				,-0.3308
				,0.1149
				,0.9367
				,0
				,-0.9926
				,0.1217
				,-0
				,0.9926
				,-0.1217
			]
			,"faces": [
				[
					 0
					,1
					,2
				]
				,[
					 0
					,18
					,1
				]
				,[
					 3
					,4
					,5
				]
				,[
					 3
					,19
					,4
				]
				,[
					 6
					,7
					,8
				]
				,[
					 6
					,20
					,7
				]
				,[
					 9
					,10
					,11
				]
				,[
					 9
					,21
					,10
				]
				,[
					 12
					,13
					,14
				]
				,[
					 12
					,22
					,13
				]
				,[
					 15
					,16
					,17
				]
				,[
					 15
					,23
					,16
				]
			]
		}
	]
	,"materials": [
		{
			 "properties": [
				{
					 "key": "?mat.name"
					,"semantic": 0
					,"index": 0
					,"type": 3
					,"value": "DefaultMaterial"
				}
				,{
					 "key": "$mat.shadingm"
					,"semantic": 0
					,"index": 0
					,"type": 4
					,"value": 2
				}
				,{
					 "key": "$clr.ambient"
					,"semantic": 0
					,"index": 0
					,"type": 1
					,"value": [
						 0
						,0
						,0
					]
				}
				,{
					 "key": "$clr.diffuse"
					,"semantic": 0
					,"index": 0
					,"type": 1
					,"value": [
						 0.6
						,0.6
						,0.6
					]
				}
				,{
					 "key": "$clr.specular"
					,"semantic": 0
					,"index": 0
					,"type": 1
					,"value": [
						 0
						,0
						,0
					]
				}
				,{
					 "key": "$mat.shininess"
					,"semantic": 0
					,"index": 0
					,"type": 1
					,"value": 0
				}
				,{
					 "key": "$mat.opacity"
					,"semantic": 0
					,"index": 0
					,"type": 1
					,"value": 1
				}
				,{
					 "key": "$mat.refracti"
					,"semantic": 0
					,"index": 0
					,"type": 1
					,"value": 1
				}
			]
		}
	]
}
